{
  "generated_at": "2026-02-11 13:45:04",
  "include_groups": false,
  "requested_count": 11,
  "exported_count": 11,
  "unresolved": [],
  "channels": [
    {
      "title": "Offerzone 2.0",
      "type": "channel",
      "chat": {
        "id": 1315464303,
        "access_hash": -2387416238100981089
      },
      "id": 1315464303,
      "username": null
    },
    {
      "title": "Offerzone",
      "type": "channel",
      "chat": {
        "id": 1357275556,
        "access_hash": -7135068407969087330
      },
      "id": 1357275556,
      "username": null
    },
    {
      "title": "Dealdost",
      "type": "channel",
      "chat": {
        "id": 1217577317,
        "access_hash": -3512957435933480374
      },
      "id": 1217577317,
      "username": null
    },
    {
      "title": "Offerzone 3.0",
      "type": "channel",
      "chat": {
        "id": 1707571730,
        "access_hash": -6429527315968841626
      },
      "id": 1707571730,
      "username": null
    },
    {
      "title": "Offerzone Tricks",
      "type": "channel",
      "chat": {
        "id": 1702197669,
        "access_hash": 5940925025231212623
      },
      "id": 1702197669,
      "username": null
    },
    {
      "title": "Offerzone 4.0",
      "type": "channel",
      "chat": {
        "id": 2393042058,
        "access_hash": 8626644907163076573
      },
      "id": 2393042058,
      "username": null
    },
    {
      "title": "Offerzone",
      "type": "channel",
      "chat": {
        "id": 1444157197,
        "access_hash": 41003634826976710
      },
      "id": 1444157197,
      "username": null
    },
    {
      "title": "Offerzone",
      "type": "channel",
      "chat": {
        "id": 2518292194,
        "access_hash": -5637962490395527148
      },
      "id": 2518292194,
      "username": null
    },
    {
      "title": "ProlooterZ Deals",
      "type": "channel",
      "chat": {
        "id": 1678712638,
        "access_hash": -2954284318383116857
      },
      "id": 1678712638,
      "username": null
    },
    {
      "title": "Crazy Deals ™",
      "type": "channel",
      "chat": {
        "id": 1825655180,
        "access_hash": -6993455800963265188
      },
      "id": 1825655180,
      "username": null
    },
    {
      "title": "Shop Smartly - Flipkart Best Deals & Offers 🛍",
      "type": "supergroup",
      "chat": {
        "id": 2248675730,
        "access_hash": -7782840249692606239
      },
      "id": 2248675730,
      "username": null
    }
  ]
}